{
    "@IvaN_SmIrnoB": 1.6487212707001282,
    "Aleksandr Enin": 1.0,
    "rvefimov": 0.1,
    "acherpakova": 2.7182818284590446,
    "kuznetsOFF": 0.1,
    "glk": 0.1,
    "Banhammer": 0.6065306597126334,
    "M": 0.1,
    "evgen1580": 0.1353352832366127,
    "Kjack": 0.3678794411714423,
    "majestic905": 0.1,
    "paxmet92@mail.ru": 1.0,
    "pavel_k": 0.1353352832366127,
    "alexnich": 0.1,
    "AllexeyPushchin": 0.1353352832366127,
    "dzmitry.kavaliou": 1.0,
    "andrewgolman": 0.6065306597126334,
    "Vad11k": 0.1,
    "Stas": 1.0,
    "Alyona.knyaz": 0.22313016014842985,
    "\u0415\u0444\u0440\u0435\u043c\u043e\u0432 \u041d\u0438\u043a\u0438\u0442\u0430 \u0412\u043b\u0430\u0434\u0438\u043c\u0438\u0440\u043e\u0432\u0438\u0447": 0.22313016014842985,
    "sowow359": 0.1,
    "Asinrus": 0.1353352832366127,
    "art": 1.6487212707001282,
    "afydoz": 1.0,
    "morozyto": 0.3678794411714423,
    "kate_the_carrot": 0.1,
    "4evernuts": 1.6487212707001282,
    "\u042f\u0440\u043e\u0441\u043b\u0430\u0432 \u0421\u043e\u043a\u043e\u043b\u043e\u0432": 1.6487212707001282,
    "matiiv": 0.1353352832366127,
    "Zudda": 0.1,
    "random": 0.1,
    "cheburum": 1.6487212707001282,
    "mr.tyborg@yandex.ru": 0.6065306597126334,
    "treska2000": 0.3678794411714423,
    "p51h147r": 0.1,
    "einstalek": 0.6065306597126334,
    "ivmig": 0.1,
    "meteora": 1.0,
    "Kristina": 1.6487212707001282,
    "staple_stable": 1.0,
    "kiramipt": 0.22313016014842985,
    "sisyphus": 1.6487212707001282,
    "topilskiy.ak": 0.6065306597126334,
    "iv_konst": 1.0,
    "flakon": 2.7182818284590446,
    "amanbay": 0.1,
    "Alexander Otrokov": 1.6487212707001282,
    "daniil.chuykin": 0.1,
    "kulikovpavel": 0.3678794411714423,
    "yarriz": 0.1,
    "petro": 0.1,
    "leshanbog": 1.6487212707001282,
    "AVK": 0.1353352832366127,
    "Maerville": 1.6487212707001282,
    "daria_rom": 0.1,
    "Polosataya": 0.3678794411714423,
    "Nick_A_G": 1.6487212707001282,
    "nivnva": 0.1,
    "safronu": 1.0,
    "Annaero": 0.3678794411714423,
    "bstodin@gmail.com": 1.6487212707001282,
    "nikolaewa.natasya@gmail.com": 0.22313016014842985,
    "svetleo": 1.6487212707001282,
    "theaswert": 0.1,
    "\u0411\u0430\u0437\u0436\u0438\u043d \u0410\u043d\u0434\u0440\u0435\u0439 \u0411\u043e\u0440\u0438\u0441\u043e\u0432\u0438\u0447": 1.6487212707001282,
    "sultanovazatruslanovich": 0.1,
    "no_data_no_science": 0.1,
    "Nosh": 0.1,
    "alexprozoroff": 1.0,
    "alekseylala": 0.1,
    "GazizovK": 0.1353352832366127,
    "preety": 1.6487212707001282,
    "lobster2008": 0.1,
    "maks-sh": 1.6487212707001282,
    "Resolvation": 0.6065306597126334,
    "\u041a\u0430\u0440\u044b\u0448\u0435\u0432 \u041c\u0438\u0445\u0430\u0438\u043b \u042e\u0440\u044c\u0435\u0432\u0438\u0447": 0.1,
    "nazarov_ni": 1.6487212707001282,
    "pitkun": 2.7182818284590446,
    "\u041f\u0435\u0442\u0443\u0445\u043e\u0432 \u0414\u043c\u0438\u0442\u0440\u0438\u0439": 0.3678794411714423,
    "gagalaga": 0.1,
    "plato001": 0.22313016014842985,
    "anastasia1111": 0.1,
    "kk": 0.1,
    "aleksandr.v.kim": 2.7182818284590446,
    "chrommium": 0.22313016014842985,
    "xpalych": 1.6487212707001282,
    "ilgiza": 2.7182818284590446,
    "anna.r.markova": 0.1,
    "d-flasher": 0.1,
    "Serguarr": 2.7182818284590446,
    "DmitrySolntsev": 0.1,
    "pavelevap": 2.7182818284590446,
    "kodark": 2.7182818284590446,
    "Ra": 0.3678794411714423,
    "aleks0309": 1.6487212707001282,
    "nyappa": 0.1,
    "injectres": 2.7182818284590446,
    "valeriya": 0.6065306597126334,
    "Chyma": 1.6487212707001282,
    "cronergy": 0.1,
    "sharctgx": 0.1,
    "EVar": 0.1,
    "kirillix": 0.1353352832366127,
    "dankin": 1.6487212707001282,
    "Aleh": 0.1,
    "svirex": 0.1,
    "Alarkon": 0.22313016014842985,
    "zamyatina.mariya": 0.1353352832366127,
    "matseevski": 0.1,
    "lenapl124@rambler.ru": 0.1,
    "strelnikoff": 0.1,
    "EtsuNDmA": 2.7182818284590446,
    "xyzortime": 0.1,
    "dynamic_pie": 0.22313016014842985,
    "bulatza": 0.1,
    "idm": 1.6487212707001282,
    "GK108": 1.0,
    "peronik": 0.1353352832366127,
    "maryjis": 1.6487212707001282,
    "XD": 0.1,
    "szee": 0.1353352832366127,
    "zohrab": 0.1,
    "rubenru": 0.6065306597126334,
    "anmu": 1.0,
    "bfhlnd": 0.1,
    "Oleg K": 1.0,
    "Universaw": 0.1,
    "kasiian": 0.1,
    "Egor Spirin": 1.6487212707001282,
    "\u0410\u043d\u0434\u0440\u0435\u0439 \u0420\u0443\u043c\u044f\u043d\u0446\u0435\u0432": 0.1,
    "NoobInAction": 1.0,
    "tyztot": 1.6487212707001282,
    "snowstaff": 0.1,
    "a_e": 1.6487212707001282,
    "tolikkansk": 0.3678794411714423,
    "SemenHatypov": 0.1,
    "spin_to_win": 1.6487212707001282,
    "yaivanov": 0.1,
    "juliap94": 0.1,
    "Eugeneral": 0.1,
    "anubo": 0.1,
    "laanesra": 0.3678794411714423,
    "gronskiy_d": 0.6065306597126334,
    "IuriiM": 2.7182818284590446,
    "wafemand": 1.6487212707001282,
    "Alexey": 2.7182818284590446,
    "skoret": 1.6487212707001282,
    "Ilya Trusov": 0.6065306597126334,
    "arseniyb": 0.1,
    "F0UR": 0.1,
    "geitursdottir": 0.1353352832366127,
    "mit777": 0.1,
    "diana": 1.6487212707001282,
    "josdas": 2.7182818284590446,
    "justize": 0.1,
    "kespa": 1.6487212707001282,
    "Nikoshim": 1.6487212707001282,
    "\u0421\u0430\u043c\u0441\u043e\u043d\u043e\u0432 \u041c\u0430\u043a\u0441\u0438\u043c": 2.7182818284590446,
    "isya": 0.3678794411714423,
    "Andrian Sh": 2.7182818284590446,
    "dunskter29": 0.22313016014842985,
    "@sirius999999": 0.6065306597126334,
    "lepraleprosy": 0.1,
    "fclmden92": 1.6487212707001282,
    "anastasiya_pavlovskaya": 0.3678794411714423,
    "Nataly L": 1.0,
    "cheriant": 1.0,
    "adrianovalexey": 0.1353352832366127,
    "Claire": 0.1353352832366127,
    "hell03end": 2.7182818284590446,
    "tutuka": 0.1,
    "kolchenkosergey@gmail.com": 0.1,
    "Behemoth": 2.7182818284590446,
    "DarkLobz": 0.1,
    "badbul": 1.6487212707001282,
    "oak": 1.6487212707001282,
    "Letiana": 0.3678794411714423,
    "dniwelive": 1.6487212707001282,
    "e1234": 0.1,
    "nizhikebinesi": 1.0,
    "padre": 0.1,
    "nionika": 0.1,
    "Even": 1.6487212707001282,
    "BLAR": 2.7182818284590446,
    "fokin_na": 0.1,
    "anastasiaromane": 0.1353352832366127,
    "Drzhvo": 0.1,
    "denra": 0.1,
    "andreqwert": 0.1,
    "zhekalat": 1.6487212707001282,
    "vonavip": 0.1,
    "zenabik": 2.7182818284590446,
    "Sedlo": 0.1,
    "riadescu": 1.0,
    "alexeygb": 1.6487212707001282,
    "Grechishkin Nikita": 0.1,
    "mariyachaplygina": 0.1,
    "anastt": 0.1,
    "DmitryS": 1.0,
    "emashkin": 1.0,
    "msetkin": 0.1,
    "answer.iii3iii@gmail.com": 0.1,
    "VitalyPavlov": 0.6065306597126334,
    "anasochenkova": 0.1,
    "mxsnq": 2.7182818284590446,
    "vanikiforoff": 0.1,
    "@Ekaterina_Ushakova ": 1.6487212707001282,
    "Tassia": 1.0,
    "O_Noga": 0.1,
    "LuckyRusher": 0.1,
    "st": 1.6487212707001282,
    "spknnk": 0.1,
    "feratur": 1.6487212707001282,
    "bb8": 0.1
}